Algorithm,RunID,PatronCount,OrdersCompleted,Runtime(ms),Throughput
FCFS,0,70,5358,1974287,0.002713891141460183
FCFS,1,100,2610,953871,0.0027362190484876885
MLFQ,0,50,3240,1198685,0.00270296199585379
MLFQ,1,70,2118,773736,0.002737367784360557
MLFQ,2,100,2610,953691,0.0027367354835056636
PRIORITY,0,100,7968,2930975,0.002718549288206143
SJF,0,50,2982,939797,0.0031730256640529818
SJF,1,100,4986,2012357,0.0024776915825571707
